Logged GDP per capita,Social support,Healthy life expectancy,Freedom to make life choices,Generosity,Perceptions of corruption,Population in 2021,Growth rate,Power distance,Individualism,Masculinity,Uncertainty avoidance,Long term orientation,Indulgence,Regional indicator_Central and Eastern Europe,Regional indicator_Commonwealth of Independent States,Regional indicator_East Asia,Regional indicator_Latin America and Caribbean,Regional indicator_Middle East and North Africa,Regional indicator_North America and ANZ,Regional indicator_South Asia,Regional indicator_Southeast Asia,Regional indicator_Sub-Saharan Africa,Regional indicator_Western Europe
0.8260175578611333,0.944230769230769,0.826057945566286,0.9642857142857143,0.22891566265060237,0.12135355892648775,0.0036001807820977977,0.2654690618762475,0.23655913978494625,0.6705882352941177,0.2,0.5312499999999999,0.4047619047619047,0.5700000000000001,0.0,0.0,0.0,0.0,0.0,0.0,0.0,0.0,0.0,1.0
0.8575418994413406,0.944230769230769,0.8506409130816504,0.9591836734693878,0.3831325301204819,0.1131855309218203,0.00378867328324496,0.3093812375249501,0.07526881720430109,0.8,0.10476190476190478,0.15625,0.369047619047619,0.7000000000000001,0.0,0.0,0.0,0.0,0.0,0.0,0.0,0.0,0.0,1.0
0.8942537909018358,0.921153846153846,0.910342405618964,0.913265306122449,0.3771084337349397,0.24504084014002334,0.005811707884458303,0.3772455089820359,0.24731182795698925,0.7294117647058824,0.6190476190476191,0.5208333333333333,0.8333333333333333,0.66,0.0,0.0,0.0,0.0,0.0,0.0,0.0,0.0,0.0,1.0
0.8465682362330409,0.9999999999999998,0.8611764705882352,0.9744897959183673,0.5397590361445782,0.6896149358226372,0.0,0.36127744510978044,0.20430107526881724,0.6352941176470588,0.04761904761904762,0.43749999999999994,0.2857142857142857,0.67,0.0,0.0,0.0,0.0,0.0,0.0,0.0,0.0,0.0,1.0
0.8573423782920988,0.921153846153846,0.8401053555750659,0.9030612244897961,0.5578313253012047,0.29871645274212366,0.011647481229795897,0.281437125748503,0.2903225806451613,0.8705882352941177,0.08571428571428574,0.46874999999999994,0.75,0.68,0.0,0.0,0.0,0.0,0.0,0.0,0.0,0.0,0.0,1.0
0.8814844373503592,0.944230769230769,0.8717120280948196,0.9829931972789115,0.4590361445783132,0.21936989498249712,0.003558339948057548,0.40119760479041916,0.21505376344086025,0.7411764705882353,0.028571428571428574,0.43749999999999994,0.369047619047619,0.55,0.0,0.0,0.0,0.0,0.0,0.0,0.0,0.0,0.0,1.0
0.8443735035913809,0.9057692307692307,0.8506409130816504,0.9574829931972789,0.45060240963855414,0.1808634772462077,0.006809548737197393,0.35728542914171657,0.21505376344086025,0.7647058823529412,0.0,0.21875,0.5833333333333333,0.78,0.0,0.0,0.0,0.0,0.0,0.0,0.0,0.0,0.0,1.0
1.0000000000000002,0.8557692307692306,0.8471290605794553,0.8928571428571429,0.3060240963855421,0.35472578763127194,0.00020429375447036447,0.5189620758483033,0.31182795698924737,0.6352941176470588,0.4285714285714286,0.6458333333333333,0.7142857142857142,0.56,0.0,0.0,0.0,0.0,0.0,0.0,0.0,0.0,0.0,1.0
0.7996807661612133,0.9326923076923075,0.8752238805970152,0.9302721088435376,0.508433734939759,0.1866977829638273,0.0031374805471001896,0.39720558882235535,0.11827956989247312,0.8588235294117648,0.5047619047619047,0.4270833333333333,0.34523809523809523,0.75,0.0,0.0,0.0,0.0,0.0,1.0,0.0,0.0,0.0,0.0
0.8521548284118119,0.9057692307692307,0.8717120280948196,0.8945578231292518,0.3975903614457831,0.46557759626604434,0.006028003955757367,0.3193612774451098,0.0,0.5764705882352942,0.7047619047619048,0.6458333333333333,0.6666666666666665,0.63,0.0,0.0,0.0,0.0,0.0,0.0,0.0,0.0,0.0,1.0
0.8302075019952115,0.9173076923076922,0.8927831431079893,0.9047619047619048,0.5385542168674697,0.42007001166861146,0.017705795804952903,0.4630738522954092,0.2903225806451613,0.9882352941176471,0.5333333333333333,0.4479166666666667,0.20238095238095238,0.71,0.0,0.0,0.0,0.0,0.0,1.0,0.0,0.0,0.0,0.0
0.786113328012769,0.9153846153846152,0.8788410886742757,0.7108843537414967,0.3843373493975903,0.7829638273045508,0.0058919528145019275,0.5469061876247505,0.02150537634408603,0.5647058823529412,0.4,0.7604166666666666,0.4047619047619047,0.3275,0.0,0.0,0.0,0.0,1.0,0.0,0.0,0.0,0.0,0.0
0.8455706304868313,0.846153846153846,0.8436172080772606,0.8384353741496599,0.36024096385542165,0.44107351225204205,0.057807319673192234,0.2654690618762475,0.2580645161290323,0.7176470588235294,0.580952380952381,0.5937499999999999,0.9404761904761905,0.4,0.0,0.0,0.0,0.0,0.0,0.0,0.0,0.0,0.0,1.0
0.8262170790103751,0.8903846153846153,0.8892712906057942,0.9064625850340137,0.45421686746987944,0.3885647607934656,0.02620864030323675,0.40918163672654695,0.3010752688172043,0.8705882352941177,0.44761904761904764,0.4166666666666667,0.38095238095238093,0.68,0.0,0.0,0.0,0.0,0.0,1.0,0.0,0.0,0.0,0.0
0.9391460494812451,0.9307692307692306,0.8401053555750659,0.8452380952380952,0.43975903614457823,0.3278879813302217,0.0032237791681588896,0.4191616766467066,0.1827956989247312,0.7529411764705882,0.6,0.28125,0.23809523809523808,0.65,0.0,0.0,0.0,0.0,0.0,0.0,0.0,0.0,0.0,1.0
0.6474461292897049,0.823076923076923,0.8049868305531167,0.9387755102040817,0.1951807228915662,0.8483080513418904,0.0033321566883273766,0.4131736526946108,0.2580645161290323,0.10588235294117646,0.1523809523809524,0.8124999999999999,0.24285714285714283,0.703,0.0,0.0,0.0,1.0,0.0,0.0,0.0,0.0,0.0,0.0
0.8124501197126899,0.9057692307692307,0.8436172080772606,0.8112244897959183,0.6277108433734939,0.4399066511085181,0.047041866339309124,0.3313373253493014,0.2580645161290323,0.9764705882352942,0.580952380952381,0.28125,0.5595238095238095,0.6900000000000001,0.0,0.0,0.0,0.0,0.0,0.0,0.0,0.0,0.0,1.0
0.7823224261771744,0.9307692307692306,0.784161545215101,0.8095238095238096,0.09638554216867468,0.9171528588098017,0.007180594099517689,0.26746506986027946,0.6513056835637481,0.4277310924369747,0.4129251700680272,0.7321428571428571,0.7040816326530612,0.24857142857142858,1.0,0.0,0.0,0.0,0.0,0.0,0.0,0.0,0.0,0.0
0.8754988028731046,0.8788461538461538,0.6926075504828797,0.7738095238095238,0.46506024096385534,0.7187864644107351,0.2306691152766218,0.3532934131736527,0.31182795698924737,1.0,0.5428571428571428,0.3958333333333333,0.2619047619047619,0.68,0.0,0.0,0.0,0.0,0.0,1.0,0.0,0.0,0.0,0.0
0.8355945730247407,0.8519230769230768,0.8330465320456539,0.6819727891156463,0.16265060240963852,0.6581096849474913,0.007820278048793197,0.31137724550898205,0.5806451612903226,0.8117647058823529,0.46666666666666673,0.8958333333333333,0.9285714285714286,0.5700000000000001,0.0,0.0,0.0,0.0,0.0,0.0,0.0,0.0,0.0,1.0
0.811851556264964,0.921153846153846,0.8962949956101844,0.7482993197278912,0.16987951807228913,0.5705950991831972,0.045050507513895825,0.2834331337325349,0.6129032258064516,0.7647058823529412,0.36190476190476195,0.8124999999999999,0.7023809523809523,0.48,0.0,0.0,0.0,0.0,0.0,0.0,0.0,0.0,0.0,1.0
0.8048683160415007,0.7673076923076922,0.7380860403863039,0.9234693877551022,0.45421686746987944,0.7467911318553092,0.0009889994777934614,0.786427145708583,0.6586021505376345,0.334313725490196,0.4071428571428572,0.704861111111111,0.24603174603174605,0.3275,0.0,0.0,0.0,0.0,1.0,0.0,0.0,0.0,0.0,0.0
0.8058659217877093,0.8999999999999999,0.8330816505706762,0.9268707482993198,0.5072289156626506,0.6662777129521588,6.84306246280437e-05,0.29341317365269465,0.4838709677419355,0.6235294117647059,0.4,0.9166666666666666,0.5119047619047619,0.66,0.0,0.0,0.0,0.0,0.0,0.0,0.0,0.0,0.0,1.0
0.8878691141260975,0.7326923076923075,0.6621597892888496,0.9353741496598641,0.43614457831325293,0.5915985997666278,0.006709512149830791,0.4411177644710579,0.8494623655913979,0.2235294117647059,0.4285714285714286,0.7499999999999999,0.24603174603174605,0.3275,0.0,0.0,0.0,0.0,1.0,0.0,0.0,0.0,0.0,0.0
0.819632881085395,0.823076923076923,0.6365232660228266,0.8418367346938777,0.16746987951807227,0.7024504084014003,0.024410089255632768,0.5389221556886228,0.9032258064516129,0.2235294117647059,0.5238095238095238,0.7499999999999999,0.38095238095238093,0.52,0.0,0.0,0.0,0.0,1.0,0.0,0.0,0.0,0.0,0.0
0.7853152434158022,0.9019230769230768,0.9208779631255488,0.6445578231292518,0.24939759036144574,0.7736289381563595,0.03206711948280068,0.23353293413173654,0.4946236559139785,0.5294117647058824,0.3523809523809524,0.8124999999999999,0.5238095238095237,0.44,0.0,0.0,0.0,0.0,0.0,0.0,0.0,0.0,0.0,1.0
0.7956903431763764,0.8019230769230767,0.8892712906057942,0.5289115646258503,0.2457831325301204,0.9148191365227538,0.04145641083642405,0.2055888223552894,0.4193548387096775,0.8235294117647058,0.6190476190476191,0.6979166666666666,0.6785714285714286,0.3,0.0,0.0,0.0,0.0,0.0,0.0,0.0,0.0,0.0,1.0
0.7769353551476457,0.9326923076923075,0.8049868305531167,0.9642857142857143,0.22530120481927707,0.8448074679113187,0.0011986266736742298,0.23552894211576847,0.6451612903225807,0.24705882352941175,0.13333333333333336,0.8333333333333333,0.5357142857142856,0.48,1.0,0.0,0.0,0.0,0.0,0.0,0.0,0.0,0.0,0.0
0.48244213886671994,0.6730769230769229,0.5787532923617207,0.891156462585034,0.3012048192771084,0.808634772462077,0.012512277741452598,0.6107784431137725,0.9032258064516129,0.0,0.3047619047619048,0.9374999999999999,0.24285714285714283,0.703,0.0,0.0,0.0,1.0,0.0,0.0,0.0,0.0,0.0,0.0
0.6646049481245011,0.8884615384615384,0.7242142230026334,0.8741496598639457,0.23614457831325297,0.5927654609101517,0.0021753929676831753,0.3033932135728543,0.5376344086021506,0.3529411764705882,0.31428571428571433,0.9583333333333331,0.2619047619047619,0.53,0.0,0.0,0.0,1.0,0.0,0.0,0.0,0.0,0.0,0.0
0.9682761372705506,0.8692307692307693,0.9999999999999998,0.9268707482993198,0.32530120481927705,0.0,0.0038573368484841105,0.39520958083832336,0.6774193548387097,0.16470588235294117,0.40952380952380957,0.0,0.8095238095238095,0.46,0.0,0.0,0.0,0.0,0.0,0.0,0.0,1.0,0.0,0.0
0.7450119712689542,0.9096153846153847,0.7277611940298503,0.6530612244897959,0.1975903614457831,0.9673278879813303,0.0035364746354428116,0.24151696606786427,1.0,0.5411764705882354,1.0,0.4479166666666667,0.8690476190476191,0.28,1.0,0.0,0.0,0.0,0.0,0.0,0.0,0.0,0.0,0.0
0.5869912210694332,0.8057692307692308,0.636453028972783,0.7176870748299321,0.2614457831325301,0.7864644107351225,0.14825823500029411,0.37125748502994016,0.6236559139784946,0.3764705882352941,0.4190476190476191,0.7083333333333333,0.4761904761904761,0.59,0.0,0.0,0.0,1.0,0.0,0.0,0.0,0.0,0.0,0.0
0.6432561851556264,0.7076923076923076,0.7065496049165934,0.816326530612245,0.16987951807228913,0.8366394399066512,0.09034323662876671,0.44311377245508987,0.7526881720430109,0.2823529411764706,0.6095238095238096,0.7708333333333333,0.23809523809523808,0.97,0.0,0.0,0.0,1.0,0.0,0.0,0.0,0.0,0.0,0.0
0.5089784517158817,0.796153846153846,0.6680245829675153,0.8639455782312925,0.18192771084337345,0.9358226371061844,0.0018220027065169152,0.3213572854291417,0.3655913978494624,0.388235294117647,0.6,0.05208333333333333,0.24285714285714283,0.703,0.0,0.0,0.0,1.0,0.0,0.0,0.0,0.0,0.0,0.0
0.770949720670391,0.9076923076923078,0.6822827041264266,0.664965986394558,0.10240963855421681,0.8681446907817969,0.0016077975709703736,0.0,0.33333333333333337,0.6352941176470588,0.13333333333333336,0.5937499999999999,0.9285714285714286,0.16,1.0,0.0,0.0,0.0,0.0,0.0,0.0,0.0,0.0,0.0
0.7863128491620113,0.6519230769230768,0.8927129060579453,0.6479591836734694,0.32891566265060235,0.8891481913652275,0.0006054347672583872,0.3732534930139721,0.3248443689869836,0.6848297213622292,0.36441102756892235,0.5953947368421052,0.5701754385964912,0.5694736842105264,0.0,0.0,0.0,0.0,0.0,0.0,0.0,0.0,0.0,1.0
0.7673583399840382,0.9192307692307691,0.713678665496049,0.8962585034013607,0.2192771084337349,0.5192532088681447,0.0006771707984214947,0.21756487025948104,0.31182795698924737,0.6352941176470588,0.23809523809523814,0.5416666666666666,0.9285714285714286,0.16,1.0,0.0,0.0,0.0,0.0,0.0,0.0,0.0,0.0,0.0
0.7412210694333596,0.8326923076923076,0.7435996488147498,0.8333333333333334,0.14698795180722887,0.9031505250875146,0.0028173669236192154,0.5469061876247505,0.9032258064516129,0.05882352941176469,0.3714285714285715,0.8124999999999999,0.24285714285714283,0.703,0.0,0.0,0.0,1.0,0.0,0.0,0.0,0.0,0.0,0.0
0.43914604948124514,0.875,0.5891834942932392,1.0,0.7216867469879518,0.5052508751458576,0.023406952978496955,0.5149700598802396,0.8172043010752689,0.25441176470588234,0.34166666666666673,0.8658854166666666,0.7916666666666665,0.21125,0.0,1.0,0.0,0.0,0.0,0.0,0.0,0.0,0.0,0.0
0.6855546687948924,0.8057692307692308,0.755820895522388,0.6122448979591838,0.2939759036144578,0.8728121353558926,0.013085212800541679,0.33732534930139724,0.5591397849462366,0.19999999999999998,0.2190476190476191,0.8124999999999999,0.3214285714285714,0.68,0.0,0.0,0.0,1.0,0.0,0.0,0.0,0.0,0.0,0.0
0.7476057462090979,0.8365384615384615,0.7453555750658472,0.7806122448979592,0.1481927710843373,0.7619603267211202,0.025865265797129687,0.21157684630738524,0.6129032258064516,0.6352941176470588,0.5619047619047619,0.8854166666666666,0.4047619047619047,0.29,1.0,0.0,0.0,0.0,0.0,0.0,0.0,0.0,0.0,0.0
0.7023144453312049,0.9403846153846152,0.5872519754170324,0.8010204081632654,0.2638554216867469,0.7596266044340724,0.012980081933341655,0.469061876247505,0.8279569892473119,0.16470588235294117,0.4285714285714286,0.8333333333333333,0.9642857142857142,0.22,0.0,1.0,0.0,0.0,0.0,0.0,0.0,0.0,0.0,0.0
0.7280526735833999,0.7096153846153845,0.6629323968393328,0.7874149659863946,0.08313253012048188,0.998833138856476,0.012937956317308003,0.12375249500998005,0.8494623655913979,0.2823529411764706,0.3523809523809524,0.8541666666666666,0.5714285714285714,0.2,1.0,0.0,0.0,0.0,0.0,0.0,0.0,0.0,0.0,0.0
0.8343974461292898,0.7307692307692306,0.646953467954346,0.8248299319727891,0.22168674698795177,0.7631271878646442,0.0027801164711764893,0.5089820359281438,0.8494623655913979,0.2235294117647059,0.33333333333333337,0.7499999999999999,0.24603174603174605,0.3275,0.0,0.0,0.0,0.0,1.0,0.0,0.0,0.0,0.0,0.0
0.6288906624102155,0.7884615384615383,0.7066549604916592,0.673469387755102,0.34939759036144574,0.8786464410735122,0.005757741005490277,0.14570858283433133,0.8064516129032259,0.2235294117647059,0.36190476190476195,0.8749999999999999,0.5714285714285714,0.28,1.0,0.0,0.0,0.0,0.0,0.0,0.0,0.0,0.0,0.0
0.48264166001596176,0.575,0.629464442493415,0.8605442176870749,0.21445783132530116,0.7071178529754959,0.004280442018122443,0.33732534930139724,0.5913978494623656,0.15294117647058822,0.33333333333333337,0.8958333333333333,0.19047619047619047,0.89,0.0,0.0,0.0,1.0,0.0,0.0,0.0,0.0,0.0,0.0
0.6729848363926574,0.8499999999999999,0.6399648814749777,0.8248299319727891,0.2819277108433734,0.824970828471412,0.0006425905227761231,0.2634730538922156,0.6196236559139785,0.26764705882352946,0.45000000000000007,0.4752604166666667,0.23412698412698413,0.5185714285714286,0.0,0.0,0.0,0.0,0.0,0.0,0.0,0.0,1.0,0.0
0.7342378292098963,0.8923076923076922,0.6539771729587354,0.5663265306122448,0.15180722891566262,0.8378063010501751,0.0010444925670562214,0.033932135728542895,0.3548387096774194,0.7529411764705882,0.03809523809523809,0.5729166666666666,0.7738095238095237,0.13,1.0,0.0,0.0,0.0,0.0,0.0,0.0,0.0,0.0,0.0
0.583000798084597,0.7384615384615383,0.6856189640035117,0.7738095238095238,0.1843373493975903,0.8856476079346558,0.03536243561121467,0.3872255489021956,0.6021505376344086,0.0823529411764706,0.5619047619047619,0.7499999999999999,0.10714285714285715,0.8300000000000001,0.0,0.0,0.0,1.0,0.0,0.0,0.0,0.0,0.0,0.0
0.7428172386272947,0.9230769230769229,0.6855838454784899,0.6343537414965986,0.1228915662650602,0.9264877479579929,0.006410061810113763,0.18363273453093812,0.37634408602150543,0.8705882352941177,0.7904761904761906,0.7708333333333333,0.6428571428571428,0.31,1.0,0.0,0.0,0.0,0.0,0.0,0.0,0.0,0.0,0.0
0.6324820430965681,0.8173076923076923,0.664547848990342,0.8537414965986395,0.6927710843373494,0.9486581096849476,0.04817446851971218,0.281437125748503,0.5698924731182796,0.16470588235294117,0.2761904761904762,0.5833333333333333,0.3333333333333333,0.45,0.0,0.0,0.0,0.0,0.0,0.0,0.0,1.0,0.0,0.0
0.3960494812450117,0.7711538461538461,0.6735381913959613,0.7721088435374149,0.37108433734939755,0.6791131855309219,0.0044264667501128134,0.47105788423153694,0.617921146953405,0.18196078431372545,0.4184126984126984,0.7527777777777777,0.24285714285714283,0.703,0.0,0.0,0.0,1.0,0.0,0.0,0.0,0.0,0.0,0.0
0.793296089385475,0.8096153846153846,0.9349253731343279,0.7040816326530613,0.03614457831325296,0.6487747957993,0.08671879546219219,0.16966067864271456,0.4623655913978495,0.47058823529411764,0.8571428571428572,0.8749999999999999,0.9999999999999998,0.42,0.0,0.0,1.0,0.0,0.0,0.0,0.0,0.0,0.0,0.0
0.6638068635275338,0.8365384615384615,0.7207023705004387,0.7585034013605442,0.12771084337349395,0.8774795799299884,0.03145236156135054,0.4191616766467066,0.4086021505376345,0.47058823529411764,0.4857142857142858,0.8124999999999999,0.19047619047619047,0.62,0.0,0.0,0.0,1.0,0.0,0.0,0.0,0.0,0.0,0.0
0.755387071029529,0.7999999999999998,0.8471290605794553,0.8673469387755103,0.053012048192771055,0.9393232205367561,0.006777815590267607,0.18163672654690619,0.5591397849462366,0.24705882352941175,0.24761904761904763,0.9999999999999999,0.2857142857142857,0.33,0.0,0.0,0.0,0.0,0.0,0.0,0.0,0.0,0.0,1.0
0.40163607342378294,0.6711538461538462,0.6610008779631251,0.8078231292517007,0.444578313253012,0.8483080513418904,0.006781855761994384,0.5568862275449102,0.617921146953405,0.18196078431372545,0.4184126984126984,0.7527777777777777,0.24285714285714283,0.703,0.0,0.0,0.0,1.0,0.0,0.0,0.0,0.0,0.0,0.0
0.7146847565841978,0.8865384615384615,0.7838805970149256,0.6326530612244897,0.2048192771084337,1.0,0.0025734034521990726,0.1217564870259481,0.6666666666666667,0.3176470588235294,0.33333333333333337,0.7499999999999999,0.6428571428571428,0.33,1.0,0.0,0.0,0.0,0.0,0.0,0.0,0.0,0.0,0.0
0.48703112529928183,0.7057692307692307,0.47487269534679544,0.9098639455782315,0.23012048192771078,0.7701283547257877,0.07711817305925665,0.5049900199600799,0.8924731182795699,0.3058823529411765,0.5619047619047619,0.375,0.2738095238095238,0.42,0.0,0.0,0.0,0.0,0.0,0.0,0.0,1.0,0.0,0.0
0.8012769353551474,0.6461538461538461,0.8927831431079893,0.49319727891156473,0.24698795180722888,0.7526254375729289,0.0352428900748632,0.25149700598802394,0.6021505376344086,0.3176470588235294,0.719047619047619,0.5520833333333333,0.9940476190476188,0.33,0.0,0.0,1.0,0.0,0.0,0.0,0.0,0.0,0.0,0.0
0.5632482043096569,0.7096153846153845,0.694363476733977,0.7482993197278912,0.16144578313253008,0.9439906651108518,0.022977735364276948,0.47305389221556887,0.5698924731182796,0.11764705882352941,0.3523809523809524,0.8229166666666666,0.25,0.46,0.0,0.0,0.0,1.0,0.0,0.0,0.0,0.0,0.0,0.0
0.5624501197126897,0.7576923076923077,0.6047761194029848,0.7482993197278912,0.2518072289156626,0.9754959159859977,0.0025390789273730184,0.18762475049900199,0.8494623655913979,0.24705882352941175,0.3238095238095238,0.9062499999999999,0.7976190476190477,0.19,0.0,1.0,0.0,0.0,0.0,0.0,0.0,0.0,0.0,0.0
0.5343176376695931,0.6884615384615382,0.713678665496049,0.7823129251700681,0.1975903614457831,0.8879813302217037,0.012227026410736674,0.5149700598802396,0.7204301075268817,0.023529411764705882,0.5523809523809524,0.6145833333333333,0.24285714285714283,0.703,0.0,0.0,0.0,1.0,0.0,0.0,0.0,0.0,0.0,0.0
0.3796887470071828,0.8269230769230769,0.5591922739244948,0.9404761904761906,0.49036144578313245,0.9638273045507586,0.0043855756501961895,0.5568862275449102,0.8172043010752689,0.25441176470588234,0.34166666666666673,0.8658854166666666,0.7916666666666665,0.21125,0.0,1.0,0.0,0.0,0.0,0.0,0.0,0.0,0.0,0.0
0.7270550678371908,0.6923076923076921,0.8471290605794553,0.34013605442176864,0.0,0.8646441073512252,0.006909367590758361,0.13772455089820357,0.5268817204301076,0.3411764705882353,0.4952380952380953,0.9583333333333331,0.4880952380952381,0.5,0.0,0.0,0.0,0.0,0.0,0.0,0.0,0.0,0.0,1.0
0.48104549082202697,0.6673076923076924,0.5416330114135206,0.8384353741496599,0.2542168674698795,0.8833138856476079,0.008006022265460346,0.5109780439121756,0.7204301075268817,0.047058823529411764,0.3523809523809524,0.8229166666666666,0.25,0.46,0.0,0.0,0.0,1.0,0.0,0.0,0.0,0.0,0.0,0.0
0.5516759776536313,0.9076923076923078,0.49243195785777005,0.5544217687074829,0.48674698795180715,0.9031505250875146,0.0020837477720638906,0.5489021956087825,0.6021505376344086,0.3176470588235294,0.719047619047619,0.5520833333333333,0.9940476190476188,0.33,0.0,0.0,1.0,0.0,0.0,0.0,0.0,0.0,0.0,0.0
0.5612529928172387,0.8269230769230769,0.6118349429323968,0.8401360544217688,0.380722891566265,0.9334889148191365,0.004787427926749285,0.4810379241516966,0.617921146953405,0.18196078431372545,0.4184126984126984,0.7527777777777777,0.24285714285714283,0.703,0.0,0.0,0.0,1.0,0.0,0.0,0.0,0.0,0.0,0.0
0.6594173982442137,0.7596153846153846,0.7101316944688321,0.5544217687074829,0.3060240963855421,0.8518086347724622,0.00019589614175717152,0.2375249500998004,0.8279569892473119,0.21176470588235294,0.40952380952380957,0.8541666666666666,0.8452380952380951,0.2,1.0,0.0,0.0,0.0,0.0,0.0,0.0,0.0,0.0,0.0
0.6318834796488426,0.7499999999999998,0.6189288849868306,0.8129251700680272,0.18674698795180716,0.7374562427071178,0.007376080348745522,0.43313373253493015,0.617921146953405,0.18196078431372545,0.4184126984126984,0.7527777777777777,0.24285714285714283,0.703,0.0,0.0,0.0,1.0,0.0,0.0,0.0,0.0,0.0,0.0
0.6420590582601755,0.8596153846153847,0.6242317822651449,0.45578231292517,0.1301204819277108,0.6359393232205368,0.006286024045181913,0.22355289421157684,0.9032258064516129,0.2235294117647059,0.14285714285714288,0.9062499999999999,0.9166666666666665,0.15,0.0,1.0,0.0,0.0,0.0,0.0,0.0,0.0,0.0,0.0
0.7090981644054268,0.846153846153846,0.5697980684811237,0.5714285714285715,0.21325301204819272,0.8903150525087514,0.10061051294170237,0.23353293413173654,0.8817204301075269,0.388235294117647,0.29523809523809524,0.9062499999999999,0.9166666666666665,0.2,0.0,1.0,0.0,0.0,0.0,0.0,0.0,0.0,0.0,0.0
0.2905027932960893,0.7634615384615384,0.5549780509218614,0.7653061224489796,0.2795180722891566,0.5495915985997667,0.0065864075297802326,0.6806387225548902,0.8172043010752689,0.25441176470588234,0.34166666666666673,0.8658854166666666,0.7916666666666665,0.21125,0.0,1.0,0.0,0.0,0.0,0.0,0.0,0.0,0.0,0.0
0.46648044692737445,0.744230769230769,0.6867778753292362,0.9489795918367346,0.22891566265060237,0.8331388564760794,0.067954561758346,0.40718562874251496,0.6344086021505377,0.16470588235294117,0.33333333333333337,0.22916666666666669,0.6309523809523809,0.35000000000000003,0.0,0.0,0.0,0.0,0.0,0.0,0.0,1.0,0.0,0.0
0.5959696727853152,0.6999999999999997,0.48540825285337985,0.6615646258503401,0.24216867469879513,0.6826137689614936,0.0046057549866382885,0.4910179640718563,0.6586021505376345,0.334313725490196,0.4071428571428572,0.704861111111111,0.24603174603174605,0.3275,0.0,0.0,0.0,0.0,1.0,0.0,0.0,0.0,0.0,0.0
0.7188747007182761,0.6807692307692306,0.6540474100087794,0.8724489795918368,0.49759036144578306,0.8833138856476079,0.022582644586411845,0.4910179640718563,1.0,0.23529411764705885,0.4285714285714286,0.2916666666666667,0.44047619047619047,0.5700000000000001,0.0,0.0,0.0,0.0,0.0,0.0,0.0,1.0,0.0,0.0
0.5446927374301676,0.6692307692307693,0.48316066725197504,0.8350340136054423,0.9999999999999999,0.9159859976662776,0.1919462549081425,0.44510978043912175,0.7204301075268817,0.09411764705882353,0.39047619047619053,0.4166666666666667,0.6904761904761905,0.38,0.0,0.0,0.0,0.0,0.0,0.0,0.0,1.0,0.0,0.0
0.6061452513966481,0.6692307692307693,0.7415276558384549,0.8877551020408164,0.17108433734939757,0.7852975495915986,0.9999999999999999,0.30538922155688625,0.7419354838709679,0.16470588235294117,0.580952380952381,0.22916666666666669,0.9880952380952379,0.24,0.0,0.0,1.0,0.0,0.0,0.0,0.0,0.0,0.0,0.0
0.3822825219473265,0.34807692307692295,0.05745390693590835,0.6105442176870749,0.32771084337349393,0.8308051341890316,0.018736448796591924,0.7485029940119761,0.6196236559139785,0.26764705882352946,0.45000000000000007,0.4752604166666667,0.23412698412698413,0.5185714285714286,0.0,0.0,0.0,0.0,0.0,0.0,0.0,0.0,1.0,0.0
0.5690343176376695,0.6461538461538461,0.652396839332748,0.7534013605442177,0.144578313253012,0.6382730455075847,0.0018153352135354798,0.2694610778443114,0.7956989247311829,0.18823529411764703,0.4285714285714286,0.8333333333333333,0.6785714285714286,0.25,0.0,1.0,0.0,0.0,0.0,0.0,0.0,0.0,0.0,0.0
0.2962889066241019,0.598076923076923,0.5532923617208076,0.6802721088435374,0.5301204819277108,0.7526254375729289,0.020471165130912832,0.6067864271457086,0.6666666666666667,0.2735294117647059,0.3595238095238096,0.47656249999999994,0.5267857142857142,0.15333333333333335,0.0,0.0,0.0,0.0,0.0,0.0,1.0,0.0,0.0,0.0
0.6745810055865922,0.8999999999999999,0.6504653204565407,0.6904761904761906,0.23132530120481923,0.9918319719953326,0.00450786947102767,0.08782435129740518,0.6344086021505377,0.2823529411764706,0.33333333333333337,0.8020833333333333,0.7738095238095237,0.16,1.0,0.0,0.0,0.0,0.0,0.0,0.0,0.0,0.0,0.0
0.6366719872306466,0.8653846153846154,0.7768920105355572,0.8027210884353743,0.37590361445783127,0.8669778296382731,0.00013931991321368284,0.35129740518962077,0.6666666666666667,0.2735294117647059,0.3595238095238096,0.47656249999999994,0.5267857142857142,0.15333333333333335,0.0,0.0,0.0,0.0,0.0,0.0,1.0,0.0,0.0,0.0
0.5853950518754989,0.7173076923076922,0.6032660228270414,0.7346938775510204,0.07831325301204817,0.49474912485414235,0.006862600442963322,0.4031936127744511,0.7956989247311829,0.18823529411764703,0.4285714285714286,0.8333333333333333,0.6785714285714286,0.22,0.0,1.0,0.0,0.0,0.0,0.0,0.0,0.0,0.0,0.0
0.3100558659217878,0.47499999999999987,0.17689201053555736,0.5935374149659863,0.3783132530120481,0.8938156359393232,0.01885633233875595,0.7485029940119761,0.6196236559139785,0.26764705882352946,0.45000000000000007,0.4752604166666667,0.23412698412698413,0.5185714285714286,0.0,0.0,0.0,0.0,0.0,0.0,0.0,0.0,1.0,0.0
0.2958898643256185,0.47499999999999987,0.39768217734855127,0.5323129251700679,0.2915662650602409,0.838973162193699,0.011832306125950367,0.7764471057884232,0.6196236559139785,0.26764705882352946,0.45000000000000007,0.4752604166666667,0.23412698412698413,0.5185714285714286,0.0,0.0,0.0,0.0,0.0,0.0,0.0,0.0,1.0,0.0
0.5756185155626494,0.44999999999999996,0.7206672519754169,0.6853741496598641,0.31084337349397584,0.9556592765460912,0.0017453638630256592,0.20359281437125748,0.8494623655913979,0.16470588235294117,0.7142857142857143,0.6458333333333333,0.6785714285714286,0.15,1.0,0.0,0.0,0.0,0.0,0.0,0.0,0.0,0.0,0.0
0.6101356743814843,0.6576923076923078,0.5968744512730464,0.6275510204081632,0.3927710843373493,0.9603267211201867,0.0012008987086555671,0.2315369261477046,0.8494623655913979,0.18823529411764703,0.380952380952381,0.8229166666666666,0.6904761904761905,0.35000000000000003,1.0,0.0,0.0,0.0,0.0,0.0,0.0,0.0,0.0,0.0
0.3880686352753391,0.5076923076923077,0.31985952589991196,0.7227891156462586,0.4951807228915662,0.8938156359393232,0.02196420661803727,0.6606786427145709,0.7419354838709679,0.10588235294117646,0.33333333333333337,0.5937499999999999,0.0,0.72,0.0,0.0,0.0,0.0,0.0,0.0,0.0,0.0,1.0,0.0
0.09237829209896242,0.3423076923076922,0.18619841966637396,0.7210884353741497,0.36867469879518067,0.7129521586931155,0.017510754009175934,1.0,0.6196236559139785,0.26764705882352946,0.45000000000000007,0.4752604166666667,0.23412698412698413,0.5185714285714286,0.0,0.0,0.0,0.0,0.0,0.0,0.0,0.0,1.0,0.0
0.597366320830008,0.9999999999999998,0.4892361720807725,0.8418367346938777,0.6759036144578312,0.9404900816802801,0.004025754292751755,0.5249500998003992,0.8172043010752689,0.25441176470588234,0.34166666666666673,0.8658854166666666,0.7916666666666665,0.21125,0.0,1.0,0.0,0.0,0.0,0.0,0.0,0.0,0.0,0.0
0.2096967278531523,0.4365384615384613,0.2346619841966635,0.5357142857142857,0.8578313253012047,0.7747957992998833,0.0015093998625026915,0.8183632734530939,0.6196236559139785,0.26764705882352946,0.45000000000000007,0.4752604166666667,0.23412698412698413,0.5185714285714286,0.0,0.0,0.0,0.0,0.0,0.0,0.0,0.0,1.0,0.0
0.289704708699122,0.04999999999999993,0.2189640035118523,0.6377551020408164,0.3060240963855421,0.6756126021003501,0.00850194107579507,0.7764471057884232,0.6196236559139785,0.26764705882352946,0.45000000000000007,0.4752604166666667,0.23412698412698413,0.5185714285714286,0.0,0.0,0.0,0.0,0.0,0.0,0.0,0.0,1.0,0.0
0.46129289704708687,0.5096153846153846,0.368393327480246,0.8979591836734694,0.4951807228915662,0.6721120186697783,0.004904384158859779,0.5229540918163673,0.7491039426523298,0.18823529411764703,0.4,0.31597222222222227,0.5297619047619047,0.43833333333333335,0.0,0.0,0.0,0.0,0.0,0.0,0.0,1.0,0.0,0.0
0.36292897047087,0.44230769230769207,0.5732045654082525,0.8418367346938777,0.2975903614457831,0.7001166861143525,0.11536632258128848,0.43313373253493015,0.7419354838709679,0.16470588235294117,0.4761904761904762,0.5416666666666666,0.5119047619047619,0.2,0.0,0.0,0.0,0.0,0.0,0.0,1.0,0.0,0.0,0.0
0.24002394253790893,0.33846153846153837,0.22932396839332747,0.5357142857142857,0.46144578313253004,0.7981330221703618,0.009238355514683686,0.7924151696606787,0.6196236559139785,0.26764705882352946,0.45000000000000007,0.4752604166666667,0.23412698412698413,0.5185714285714286,0.0,0.0,0.0,0.0,0.0,0.0,0.0,0.0,1.0,0.0
0.5522745411013568,0.7634615384615384,0.29590869183494295,0.6241496598639457,0.2662650602409638,0.9078179696616102,0.041562897874184886,0.4850299401197605,0.4086021505376345,0.6941176470588235,0.5523809523809524,0.4270833333333333,0.35714285714285715,0.63,0.0,0.0,0.0,0.0,0.0,0.0,0.0,0.0,1.0,0.0
0.7192737430167597,0.6903846153846152,0.6574539069359087,0.32993197278911557,0.17951807228915656,0.809801633605601,0.05885042772973199,0.4031936127744511,0.5913978494623656,0.3647058823529412,0.380952380952381,0.8020833333333333,0.49999999999999994,0.49,0.0,0.0,0.0,0.0,1.0,0.0,0.0,0.0,0.0,0.0
0.3637270550678373,0.3615384615384616,0.3592976294995609,0.5850340136054423,0.46506024096385534,0.8226371061843641,0.1571693504294775,0.626746506986028,0.4731182795698925,0.09411764705882353,0.4285714285714286,0.6458333333333333,0.5476190476190477,0.0,0.0,0.0,0.0,0.0,0.0,0.0,1.0,0.0,0.0,0.0
0.45251396648044695,0.18653846153846154,0.622651448639157,0.6666666666666666,0.06265060240963854,0.838973162193699,0.025751272127212683,0.47305389221556887,0.6344086021505377,0.47058823529411764,0.45714285714285724,0.6249999999999999,0.11904761904761904,0.25,0.0,0.0,0.0,0.0,1.0,0.0,0.0,0.0,0.0,0.0
0.48643256185155637,0.7653846153846153,0.6399297629499558,0.3962585034013605,0.14337349397590357,0.8693115519253208,0.019698510800927008,0.42714570858283435,0.7526881720430109,0.07058823529411765,0.6476190476190476,0.7083333333333333,0.14285714285714285,1.0,0.0,0.0,0.0,1.0,0.0,0.0,0.0,0.0,0.0,0.0
0.588587390263368,0.3999999999999999,0.5556453028972779,0.6819727891156463,0.06024096385542166,0.6686114352392066,0.002508639050126859,0.18962075848303395,0.5806451612903226,0.4117647058823529,0.4761904761904762,0.8020833333333333,0.4047619047619047,0.32,0.0,1.0,0.0,0.0,0.0,0.0,0.0,0.0,0.0,0.0
0.5401037509976059,0.6519230769230768,0.6155223880597014,0.16666666666666663,0.2662650602409638,0.7817969661610269,0.03090938736513522,0.5868263473053893,0.7419354838709679,0.3411764705882353,0.28571428571428575,0.6458333333333333,0.2619047619047619,0.32,0.0,0.0,0.0,0.0,1.0,0.0,0.0,0.0,0.0,0.0
0.5588587390263366,0.8173076923076923,0.5767866549604916,0.5816326530612245,0.33373493975903606,0.9824970828471413,0.02969987745727141,0.1157684630738523,0.9032258064516129,0.2235294117647059,0.20952380952380956,0.9062499999999999,0.976190476190476,0.14,0.0,1.0,0.0,0.0,0.0,0.0,0.0,0.0,0.0,0.0
0.5197525937749401,0.5442307692307691,0.42510974539069335,0.4217687074829931,0.2831325301204819,0.9253208868144691,0.028620629736306878,0.7125748502994012,0.9032258064516129,0.2823529411764706,0.6190476190476191,0.8020833333333333,0.25,0.17,0.0,0.0,0.0,0.0,1.0,0.0,0.0,0.0,0.0,0.0
0.5921787709497206,0.6019230769230768,0.4033011413520631,0.5935374149659863,0.10602409638554211,0.8844807467911319,0.0013588393551708141,0.7145708582834331,0.6196236559139785,0.26764705882352946,0.45000000000000007,0.4752604166666667,0.23412698412698413,0.5185714285714286,0.0,0.0,0.0,0.0,0.0,0.0,0.0,0.0,1.0,0.0
0.20810055865921795,0.40192307692307705,0.19922739244951715,0.5323129251700679,0.33614457831325295,0.7771295215869312,0.014863492485231857,0.8043912175648702,0.6344086021505377,0.10588235294117646,0.4285714285714286,0.4895833333333333,0.2738095238095238,0.18,0.0,0.0,0.0,0.0,0.0,0.0,0.0,0.0,1.0,0.0
0.3441739824421388,0.5807692307692307,0.47487269534679544,0.9812925170068026,0.3879518072289156,0.8879813302217037,0.011567828673947286,0.5089820359281438,0.7491039426523298,0.18823529411764703,0.4,0.31597222222222227,0.5297619047619047,0.43833333333333335,0.0,0.0,0.0,0.0,0.0,0.0,0.0,1.0,0.0,0.0
0.1043495610534717,0.5403846153846152,0.21871817383669878,0.8503401360544217,0.4204819277108433,0.7024504084014003,0.02236232424140991,0.8163672654690619,0.6196236559139785,0.26764705882352946,0.45000000000000007,0.4752604166666667,0.23412698412698413,0.5185714285714286,0.0,0.0,0.0,0.0,0.0,0.0,0.0,0.0,1.0,0.0
0.3786911412609735,0.5326923076923076,0.05703248463564514,0.6037414965986395,0.3915662650602409,0.9288214702450408,0.1480334473105753,0.7465069860279441,0.7419354838709679,0.2823529411764706,0.5238095238095238,0.4895833333333333,0.10714285714285715,0.84,0.0,0.0,0.0,0.0,0.0,0.0,0.0,0.0,1.0,0.0
0.22126895450917794,0.5019230769230769,0.12259877085162407,0.5357142857142857,0.30361445783132524,0.8693115519253208,0.014424194141420179,0.8343313373253494,0.6196236559139785,0.26764705882352946,0.45000000000000007,0.4752604166666667,0.23412698412698413,0.5185714285714286,0.0,0.0,0.0,0.0,0.0,0.0,0.0,0.0,1.0,0.0
0.588387869114126,0.47499999999999987,0.6258823529411763,0.3843537414965986,0.6096385542168674,0.7374562427071178,0.05894877083194366,0.48303393213572854,0.5053763440860215,0.4117647058823529,0.36190476190476195,0.5312499999999999,0.11904761904761904,0.4,0.0,0.0,0.0,0.0,1.0,0.0,0.0,0.0,0.0,0.0
0.2079010375099759,0.6115384615384616,0.2677085162423176,0.5561224489795918,0.49397590361445776,0.9019836639439907,0.032900528456742885,0.8403193612774451,0.6196236559139785,0.26764705882352946,0.45000000000000007,0.4752604166666667,0.23412698412698413,0.5185714285714286,0.0,0.0,0.0,0.0,0.0,0.0,0.0,0.0,1.0,0.0
0.13028731045490827,0.49423076923076903,0.2816505706760313,0.6003401360544217,0.4072289156626505,0.8961493582263711,0.0033926300063825106,0.720558882235529,0.6196236559139785,0.26764705882352946,0.45000000000000007,0.4752604166666667,0.23412698412698413,0.5185714285714286,0.0,0.0,0.0,0.0,0.0,0.0,0.0,0.0,1.0,0.0
0.34437350359138086,0.4326923076923075,0.42935908691834945,0.6751700680272109,0.6927710843373494,0.8669778296382731,0.03826513414130819,0.688622754491018,0.6344086021505377,0.2235294117647059,0.5238095238095238,0.43749999999999994,0.23412698412698413,0.5185714285714286,0.0,0.0,0.0,0.0,0.0,0.0,0.0,0.0,1.0,0.0
0.5249401436552275,0.43846153846153824,0.6575241439859523,0.4659863945578232,0.1048192771084337,0.9194865810968496,0.008058624679246396,0.4351297405189621,0.6344086021505377,0.4,0.33333333333333337,0.6979166666666666,0.24603174603174605,0.3275,0.0,0.0,0.0,0.0,1.0,0.0,0.0,0.0,0.0,0.0
0.5967677573822823,0.7403846153846152,0.6629323968393328,0.24319727891156462,0.2590361445783132,0.9521586931155193,0.00442941064940868,0.07385229540918165,0.6586021505376345,0.334313725490196,0.4071428571428572,0.704861111111111,0.24603174603174605,0.3275,0.0,0.0,0.0,0.0,1.0,0.0,0.0,0.0,0.0,0.0
0.5039904229848362,0.6826923076923075,0.29222124670763816,0.5731292517006802,0.16746987951807227,0.8926487747957993,0.0015689649195400352,0.6027944111776448,0.6196236559139785,0.26764705882352946,0.45000000000000007,0.4752604166666667,0.23412698412698413,0.5185714285714286,0.0,0.0,0.0,0.0,0.0,0.0,0.0,0.0,1.0,0.0
0.38028731045490827,0.6076923076923078,0.38012291483757665,0.8401360544217688,0.9602409638554216,0.6744457409568262,0.037804846949851756,0.38323353293413176,0.7491039426523298,0.18823529411764703,0.4,0.31597222222222227,0.5297619047619047,0.43833333333333335,0.0,0.0,0.0,0.0,0.0,0.0,0.0,1.0,0.0,0.0
0.5081803671189147,0.5846153846153845,0.6504653204565407,0.6343537414965986,0.14578313253012043,0.7269544924154026,0.006897154452308331,0.3672654690618763,0.6344086021505377,0.2823529411764706,0.380952380952381,0.5937499999999999,0.14285714285714285,0.43,0.0,0.0,0.0,0.0,1.0,0.0,0.0,0.0,0.0,0.0
0.14545091779728647,0.30000000000000004,0.0,0.33503401360544216,0.3963855421686746,0.8459743290548426,0.011653348983053145,0.8323353293413174,0.6196236559139785,0.26764705882352946,0.45000000000000007,0.4752604166666667,0.23412698412698413,0.5185714285714286,0.0,0.0,0.0,0.0,0.0,0.0,0.0,0.0,1.0,0.0
0.5656424581005588,0.6999999999999997,0.6609657594381038,0.7806122448979592,0.4421686746987951,0.9113185530921821,0.014655524213584497,0.3153692614770459,0.7419354838709679,0.3411764705882353,0.04761904761904762,0.3854166666666667,0.4880952380952381,0.15333333333333335,0.0,0.0,0.0,0.0,0.0,0.0,1.0,0.0,0.0,0.0
0.27853152434158024,0.31346153846153846,0.3115364354697101,0.2823129251700681,0.4457831325301204,0.8156359393232206,0.0003836345235965635,0.6706586826347306,0.6196236559139785,0.26764705882352946,0.45000000000000007,0.4752604166666667,0.23412698412698413,0.5185714285714286,0.0,0.0,0.0,0.0,0.0,0.0,0.0,0.0,1.0,0.0
0.5450917797286514,0.5519230769230767,0.4748024582967514,0.6241496598639457,0.12771084337349395,0.8319719953325555,0.07260976029054254,0.6127744510978044,0.6344086021505377,0.2235294117647059,0.380952380952381,0.7499999999999999,0.03571428571428571,0.04,0.0,0.0,0.0,0.0,1.0,0.0,0.0,0.0,0.0,0.0
0.21129289704708687,0.5788461538461538,0.3695171202809482,0.6292517006802721,0.4457831325301204,0.7922987164527422,0.08242493274702149,0.7425149700598803,0.6344086021505377,0.16470588235294117,0.5714285714285714,0.4895833333333333,0.23412698412698413,0.46,0.0,0.0,0.0,0.0,0.0,0.0,0.0,0.0,1.0,0.0
0.38048683160414987,0.6384615384615384,0.3049341527655838,0.30442176870748305,0.2192771084337349,0.7572928821470245,0.003113373613115062,0.7764471057884232,0.6196236559139785,0.26764705882352946,0.45000000000000007,0.4752604166666667,0.23412698412698413,0.5185714285714286,0.0,0.0,0.0,0.0,0.0,0.0,0.0,0.0,1.0,0.0
0.15183559457302476,0.4288461538461539,0.3802282704126425,0.2891156462585035,0.34096385542168667,0.8413068844807469,0.019711002500404563,0.7684630738522955,0.6196236559139785,0.26764705882352946,0.45000000000000007,0.4752604166666667,0.23412698412698413,0.5185714285714286,0.0,0.0,0.0,0.0,0.0,0.0,0.0,0.0,1.0,0.0
0.14505187549880283,0.2038461538461538,0.22602282704126408,0.40306122448979587,0.3855421686746987,0.8051341890315054,0.005703734727071709,0.7185628742514971,0.6196236559139785,0.26764705882352946,0.45000000000000007,0.4752604166666667,0.23412698412698413,0.5185714285714286,0.0,0.0,0.0,0.0,0.0,0.0,0.0,0.0,1.0,0.0
0.30127693535514743,0.47115384615384603,0.2574539069359085,0.6802721088435374,0.4204819277108433,0.8646441073512252,0.013059515372947772,0.8203592814371259,0.5268817204301076,0.3411764705882353,0.33333333333333337,0.43749999999999994,0.3095238095238095,0.42,0.0,0.0,0.0,0.0,0.0,0.0,0.0,0.0,1.0,0.0
0.15941739824421397,0.3211538461538461,0.11143107989464429,0.5697278911564626,0.4481927710843373,0.9148191365227538,0.00545610987162475,0.6487025948103793,0.6196236559139785,0.26764705882352946,0.45000000000000007,0.4752604166666667,0.23412698412698413,0.5185714285714286,0.0,0.0,0.0,0.0,0.0,0.0,0.0,0.0,1.0,0.0
0.4229848363926578,0.26923076923076916,0.4268656716417911,0.8690476190476192,0.45421686746987944,0.8074679113185531,0.9683734624536365,0.4311377245508982,0.7096774193548387,0.49411764705882355,0.4857142857142858,0.3333333333333333,0.5595238095238095,0.26,0.0,0.0,0.0,0.0,0.0,0.0,1.0,0.0,0.0,0.0
0.0,0.05192307692307685,0.1728533801580332,0.41496598639455773,0.31807228915662644,0.6126021003500584,0.008381035221572207,0.8502994011976048,0.6196236559139785,0.26764705882352946,0.45000000000000007,0.4752604166666667,0.23412698412698413,0.5185714285714286,0.0,0.0,0.0,0.0,0.0,0.0,0.0,0.0,1.0,0.0
0.18814844373503603,0.7096153846153845,0.30356453028972763,0.37414965986394566,0.16987951807228913,0.8378063010501751,0.0211083012490532,0.6826347305389222,0.6586021505376345,0.334313725490196,0.4071428571428572,0.704861111111111,0.24603174603174605,0.3275,0.0,0.0,0.0,0.0,1.0,0.0,0.0,0.0,0.0,0.0
0.24760574620909814,0.45961538461538454,0.33436347673397715,0.7670068027210885,0.5674698795180722,0.5775962660443407,0.042990171310075896,0.8263473053892216,0.6344086021505377,0.2235294117647059,0.33333333333333337,0.43749999999999994,0.35714285714285715,0.38,0.0,0.0,0.0,0.0,0.0,0.0,0.0,0.0,1.0,0.0
0.16799680766161207,0.14807692307692322,0.2536259877085163,0.358843537414966,0.8554216867469878,0.7456242707117853,0.0077963584350027575,0.4810379241516966,0.617921146953405,0.18196078431372545,0.4184126984126984,0.7527777777777777,0.24285714285714283,0.703,0.0,0.0,0.0,1.0,0.0,0.0,0.0,0.0,0.0,0.0
0.06444533120510787,0.14230769230769225,0.3325724319578576,0.6768707482993198,0.3927710843373493,0.7549591598599766,0.013553860278916051,0.778443113772455,0.6196236559139785,0.26764705882352946,0.45000000000000007,0.4752604166666667,0.23412698412698413,0.5185714285714286,0.0,0.0,0.0,0.0,0.0,0.0,0.0,0.0,1.0,0.0
0.2575818036711892,0.6230769230769231,0.007796312554872564,0.5663265306122448,0.18915662650602405,0.971995332555426,0.0012611715733658311,0.39520958083832336,0.6196236559139785,0.26764705882352946,0.45000000000000007,0.4752604166666667,0.23412698412698413,0.5185714285714286,0.0,0.0,0.0,0.0,0.0,0.0,0.0,0.0,1.0,0.0
0.6278930566640064,0.6173076923076923,0.3789640035118522,0.7517006802721088,0.05060240963855417,0.838973162193699,0.0014369663919431225,0.6247504990019961,0.6196236559139785,0.26764705882352946,0.45000000000000007,0.4752604166666667,0.23412698412698413,0.5185714285714286,0.0,0.0,0.0,0.0,0.0,0.0,0.0,0.0,1.0,0.0
0.2077015163607343,0.1711538461538462,0.4538015803336257,0.8758503401360546,0.4204819277108433,0.09918319719953325,0.009069841991054192,0.7365269461077846,0.6196236559139785,0.26764705882352946,0.45000000000000007,0.4752604166666667,0.23412698412698413,0.5185714285714286,0.0,0.0,0.0,0.0,0.0,0.0,0.0,0.0,1.0,0.0
0.26097366320829996,0.5519230769230767,0.2712203687445125,0.501700680272109,0.2903614457831325,0.8623103850641773,0.010288955687792568,0.5449101796407185,0.6196236559139785,0.26764705882352946,0.45000000000000007,0.4752604166666667,0.23412698412698413,0.5185714285714286,0.0,0.0,0.0,0.0,0.0,0.0,0.0,0.0,1.0,0.0
0.2114924181963289,0.0,0.14100087796312555,0.0,0.22409638554216865,0.9824970828471413,0.02766948898317506,0.7025948103792417,0.6666666666666667,0.2735294117647059,0.3595238095238096,0.47656249999999994,0.5267857142857142,0.15333333333333335,0.0,0.0,0.0,0.0,0.0,0.0,1.0,0.0,0.0,0.0
